优先级,类别,名称,Modbus寄存器,点位编码建议,读写类型,权限等级,单位,系数,描述,控制风险,现场只需确认,不确认的系统处理
P0,冷却塔Approach,SY冷却塔温度手自动,41325,SY-1-509-41325,RW,1,,1,1自动；0手动,高-启停/模式类写点,确认这些点在当前PLC逻辑中的实际含义；尤其确认41413写入后是否被PLC采纳、是否受41325手自动影响。,只允许shadow建议和人工审阅，不进入assisted/enforced。
P0,冷却塔Approach,SY冷却温度上限,41409,SY-1-509-41409,RW,1,℃,1,,中-设定/目标类写点,确认这些点在当前PLC逻辑中的实际含义；尤其确认41413写入后是否被PLC采纳、是否受41325手自动影响。,只允许shadow建议和人工审阅，不进入assisted/enforced。
P0,冷却塔Approach,SY冷却温度下限,41411,SY-1-509-41411,RW,1,℃,1,,中-设定/目标类写点,确认这些点在当前PLC逻辑中的实际含义；尤其确认41413写入后是否被PLC采纳、是否受41325手自动影响。,只允许shadow建议和人工审阅，不进入assisted/enforced。
P0,冷却塔Approach,SY冷却回水手动值,41413,SY-1-509-41413,RW,1,℃,1,,中-设定/目标类写点,确认这些点在当前PLC逻辑中的实际含义；尤其确认41413写入后是否被PLC采纳、是否受41325手自动影响。,只允许shadow建议和人工审阅，不进入assisted/enforced。
P0,冷却塔Approach,SY冷却回水目标值,41415,SY-1-509-41415,R,0,℃,1,,中-设定/目标类写点,确认这些点在当前PLC逻辑中的实际含义；尤其确认41413写入后是否被PLC采纳、是否受41325手自动影响。,只允许shadow建议和人工审阅，不进入assisted/enforced。
P0,冷却塔Approach,SY冷却回水自动值,41417,SY-1-509-41417,R,0,℃,1,,低-只读或未标可写,确认这些点在当前PLC逻辑中的实际含义；尤其确认41413写入后是否被PLC采纳、是否受41325手自动影响。,只允许shadow建议和人工审阅，不进入assisted/enforced。
P0,泵频率修正写点,CHP1频率修正,41307,SY-1-509-41307,RW,1,Hz,1,1Hz,中-设定/目标类写点,确认“频率修正”是偏置量还是绝对频率；确认上下限、斜率、最小流量保护是否在PLC内完成。,泵Delta-T保持GO_SHADOW_ONLY，不允许assisted。
P0,泵频率修正写点,CHP2频率修正,41308,SY-1-509-41308,RW,1,Hz,1,1Hz,中-设定/目标类写点,确认“频率修正”是偏置量还是绝对频率；确认上下限、斜率、最小流量保护是否在PLC内完成。,泵Delta-T保持GO_SHADOW_ONLY，不允许assisted。
P0,泵频率修正写点,CHP3频率修正,41309,SY-1-509-41309,RW,1,Hz,1,1Hz,中-设定/目标类写点,确认“频率修正”是偏置量还是绝对频率；确认上下限、斜率、最小流量保护是否在PLC内完成。,泵Delta-T保持GO_SHADOW_ONLY，不允许assisted。
P0,泵频率修正写点,CHP4频率修正,41310,SY-1-509-41310,RW,1,Hz,1,1Hz,中-设定/目标类写点,确认“频率修正”是偏置量还是绝对频率；确认上下限、斜率、最小流量保护是否在PLC内完成。,泵Delta-T保持GO_SHADOW_ONLY，不允许assisted。
P0,泵频率修正写点,CHP5频率修正,41311,SY-1-509-41311,RW,1,Hz,1,1Hz,中-设定/目标类写点,确认“频率修正”是偏置量还是绝对频率；确认上下限、斜率、最小流量保护是否在PLC内完成。,泵Delta-T保持GO_SHADOW_ONLY，不允许assisted。
P0,泵频率修正写点,CHP6频率修正,41312,SY-1-509-41312,RW,1,Hz,1,1Hz,中-设定/目标类写点,确认“频率修正”是偏置量还是绝对频率；确认上下限、斜率、最小流量保护是否在PLC内完成。,泵Delta-T保持GO_SHADOW_ONLY，不允许assisted。
P0,泵频率修正写点,CWP1频率修正,41313,SY-1-509-41313,RW,1,Hz,1,1Hz,中-设定/目标类写点,确认“频率修正”是偏置量还是绝对频率；确认上下限、斜率、最小流量保护是否在PLC内完成。,泵Delta-T保持GO_SHADOW_ONLY，不允许assisted。
P0,泵频率修正写点,CWP2频率修正,41314,SY-1-509-41314,RW,1,Hz,1,1Hz,中-设定/目标类写点,确认“频率修正”是偏置量还是绝对频率；确认上下限、斜率、最小流量保护是否在PLC内完成。,泵Delta-T保持GO_SHADOW_ONLY，不允许assisted。
P0,泵频率修正写点,CWP3频率修正,41315,SY-1-509-41315,RW,1,Hz,1,1Hz,中-设定/目标类写点,确认“频率修正”是偏置量还是绝对频率；确认上下限、斜率、最小流量保护是否在PLC内完成。,泵Delta-T保持GO_SHADOW_ONLY，不允许assisted。
P0,泵频率修正写点,CWP4频率修正,41316,SY-1-509-41316,RW,1,Hz,1,1Hz,中-设定/目标类写点,确认“频率修正”是偏置量还是绝对频率；确认上下限、斜率、最小流量保护是否在PLC内完成。,泵Delta-T保持GO_SHADOW_ONLY，不允许assisted。
P0,泵频率修正写点,CWP5频率修正,41317,SY-1-509-41317,RW,1,Hz,1,1Hz,中-设定/目标类写点,确认“频率修正”是偏置量还是绝对频率；确认上下限、斜率、最小流量保护是否在PLC内完成。,泵Delta-T保持GO_SHADOW_ONLY，不允许assisted。
P0,泵频率修正写点,CWP6频率修正,41318,SY-1-509-41318,RW,1,Hz,1,1Hz,中-设定/目标类写点,确认“频率修正”是偏置量还是绝对频率；确认上下限、斜率、最小流量保护是否在PLC内完成。,泵Delta-T保持GO_SHADOW_ONLY，不允许assisted。
P1,频率反馈只读点,CHP1频率反馈,42001,SY-1-509-42001,R,0,Hz,0.1,,低-只读或未标可写,确认反馈点与现场变频器实际频率一致，系数0.1是否正确。,只作为低置信趋势证据，不用于闭环判断。
P1,频率反馈只读点,CHP2频率反馈,42002,SY-1-509-42002,R,0,Hz,0.1,,低-只读或未标可写,确认反馈点与现场变频器实际频率一致，系数0.1是否正确。,只作为低置信趋势证据，不用于闭环判断。
P1,频率反馈只读点,CHP3频率反馈,42003,SY-1-509-42003,R,0,Hz,0.1,,低-只读或未标可写,确认反馈点与现场变频器实际频率一致，系数0.1是否正确。,只作为低置信趋势证据，不用于闭环判断。
P1,频率反馈只读点,CHP4频率反馈,42004,SY-1-509-42004,R,0,Hz,0.1,,低-只读或未标可写,确认反馈点与现场变频器实际频率一致，系数0.1是否正确。,只作为低置信趋势证据，不用于闭环判断。
P1,频率反馈只读点,CHP5频率反馈,42005,SY-1-509-42005,R,0,Hz,0.1,,低-只读或未标可写,确认反馈点与现场变频器实际频率一致，系数0.1是否正确。,只作为低置信趋势证据，不用于闭环判断。
P1,频率反馈只读点,CHP6频率反馈,42006,SY-1-509-42006,R,0,Hz,0.1,,低-只读或未标可写,确认反馈点与现场变频器实际频率一致，系数0.1是否正确。,只作为低置信趋势证据，不用于闭环判断。
P1,频率反馈只读点,CWP1频率反馈,42007,SY-1-509-42007,R,0,Hz,0.1,,低-只读或未标可写,确认反馈点与现场变频器实际频率一致，系数0.1是否正确。,只作为低置信趋势证据，不用于闭环判断。
P1,频率反馈只读点,CWP2频率反馈,42008,SY-1-509-42008,R,0,Hz,0.1,,低-只读或未标可写,确认反馈点与现场变频器实际频率一致，系数0.1是否正确。,只作为低置信趋势证据，不用于闭环判断。
P1,频率反馈只读点,CWP3频率反馈,42009,SY-1-509-42009,R,0,Hz,0.1,,低-只读或未标可写,确认反馈点与现场变频器实际频率一致，系数0.1是否正确。,只作为低置信趋势证据，不用于闭环判断。
P1,频率反馈只读点,CWP4频率反馈,42010,SY-1-509-42010,R,0,Hz,0.1,,低-只读或未标可写,确认反馈点与现场变频器实际频率一致，系数0.1是否正确。,只作为低置信趋势证据，不用于闭环判断。
P1,频率反馈只读点,CWP5频率反馈,42011,SY-1-509-42011,R,0,Hz,0.1,,低-只读或未标可写,确认反馈点与现场变频器实际频率一致，系数0.1是否正确。,只作为低置信趋势证据，不用于闭环判断。
P1,频率反馈只读点,CWP6频率反馈,42012,SY-1-509-42012,R,0,Hz,0.1,,低-只读或未标可写,确认反馈点与现场变频器实际频率一致，系数0.1是否正确。,只作为低置信趋势证据，不用于闭环判断。
P1,频率反馈只读点,CTF11频率反馈,42013,SY-1-509-42013,R,0,Hz,0.1,,低-只读或未标可写,确认反馈点与现场变频器实际频率一致，系数0.1是否正确。,只作为低置信趋势证据，不用于闭环判断。
P1,频率反馈只读点,CTF12频率反馈,42014,SY-1-509-42014,R,0,Hz,0.1,,低-只读或未标可写,确认反馈点与现场变频器实际频率一致，系数0.1是否正确。,只作为低置信趋势证据，不用于闭环判断。
P1,频率反馈只读点,CTF13频率反馈,42015,SY-1-509-42015,R,0,Hz,0.1,,低-只读或未标可写,确认反馈点与现场变频器实际频率一致，系数0.1是否正确。,只作为低置信趋势证据，不用于闭环判断。
P1,频率反馈只读点,CTF14频率反馈,42016,SY-1-509-42016,R,0,Hz,0.1,,低-只读或未标可写,确认反馈点与现场变频器实际频率一致，系数0.1是否正确。,只作为低置信趋势证据，不用于闭环判断。
P1,频率反馈只读点,CTF15频率反馈,42017,SY-1-509-42017,R,0,Hz,0.1,,低-只读或未标可写,确认反馈点与现场变频器实际频率一致，系数0.1是否正确。,只作为低置信趋势证据，不用于闭环判断。
P1,频率反馈只读点,CTF16频率反馈,42018,SY-1-509-42018,R,0,Hz,0.1,,低-只读或未标可写,确认反馈点与现场变频器实际频率一致，系数0.1是否正确。,只作为低置信趋势证据，不用于闭环判断。
P1,频率反馈只读点,CTF21频率反馈,42019,SY-1-509-42019,R,0,Hz,0.1,,低-只读或未标可写,确认反馈点与现场变频器实际频率一致，系数0.1是否正确。,只作为低置信趋势证据，不用于闭环判断。
P1,频率反馈只读点,CTF22频率反馈,42020,SY-1-509-42020,R,0,Hz,0.1,,低-只读或未标可写,确认反馈点与现场变频器实际频率一致，系数0.1是否正确。,只作为低置信趋势证据，不用于闭环判断。
P1,频率反馈只读点,CTF23频率反馈,42021,SY-1-509-42021,R,0,Hz,0.1,,低-只读或未标可写,确认反馈点与现场变频器实际频率一致，系数0.1是否正确。,只作为低置信趋势证据，不用于闭环判断。
P1,频率反馈只读点,CTF24频率反馈,42022,SY-1-509-42022,R,0,Hz,0.1,,低-只读或未标可写,确认反馈点与现场变频器实际频率一致，系数0.1是否正确。,只作为低置信趋势证据，不用于闭环判断。
P1,频率反馈只读点,CTF25频率反馈,42023,SY-1-509-42023,R,0,Hz,0.1,,低-只读或未标可写,确认反馈点与现场变频器实际频率一致，系数0.1是否正确。,只作为低置信趋势证据，不用于闭环判断。
P1,频率反馈只读点,CTF26频率反馈,42024,SY-1-509-42024,R,0,Hz,0.1,,低-只读或未标可写,确认反馈点与现场变频器实际频率一致，系数0.1是否正确。,只作为低置信趋势证据，不用于闭环判断。
P1,频率反馈只读点,CTF31频率反馈,42025,SY-1-509-42025,R,0,Hz,0.1,,低-只读或未标可写,确认反馈点与现场变频器实际频率一致，系数0.1是否正确。,只作为低置信趋势证据，不用于闭环判断。
P1,频率反馈只读点,CTF32频率反馈,42026,SY-1-509-42026,R,0,Hz,0.1,,低-只读或未标可写,确认反馈点与现场变频器实际频率一致，系数0.1是否正确。,只作为低置信趋势证据，不用于闭环判断。
P1,频率反馈只读点,CTF33频率反馈,42027,SY-1-509-42027,R,0,Hz,0.1,,低-只读或未标可写,确认反馈点与现场变频器实际频率一致，系数0.1是否正确。,只作为低置信趋势证据，不用于闭环判断。
P1,频率反馈只读点,CTF34频率反馈,42028,SY-1-509-42028,R,0,Hz,0.1,,低-只读或未标可写,确认反馈点与现场变频器实际频率一致，系数0.1是否正确。,只作为低置信趋势证据，不用于闭环判断。
P1,频率反馈只读点,CTF35频率反馈,42029,SY-1-509-42029,R,0,Hz,0.1,,低-只读或未标可写,确认反馈点与现场变频器实际频率一致，系数0.1是否正确。,只作为低置信趋势证据，不用于闭环判断。
P1,频率反馈只读点,CTF36频率反馈,42030,SY-1-509-42030,R,0,Hz,0.1,,低-只读或未标可写,确认反馈点与现场变频器实际频率一致，系数0.1是否正确。,只作为低置信趋势证据，不用于闭环判断。
P1,频率反馈只读点,CTF41频率反馈,42031,SY-1-509-42031,R,0,Hz,0.1,,低-只读或未标可写,确认反馈点与现场变频器实际频率一致，系数0.1是否正确。,只作为低置信趋势证据，不用于闭环判断。
P1,频率反馈只读点,CTF42频率反馈,42032,SY-1-509-42032,R,0,Hz,0.1,,低-只读或未标可写,确认反馈点与现场变频器实际频率一致，系数0.1是否正确。,只作为低置信趋势证据，不用于闭环判断。
P1,频率反馈只读点,CTF43频率反馈,42033,SY-1-509-42033,R,0,Hz,0.1,,低-只读或未标可写,确认反馈点与现场变频器实际频率一致，系数0.1是否正确。,只作为低置信趋势证据，不用于闭环判断。
P1,频率反馈只读点,CTF44频率反馈,42034,SY-1-509-42034,R,0,Hz,0.1,,低-只读或未标可写,确认反馈点与现场变频器实际频率一致，系数0.1是否正确。,只作为低置信趋势证据，不用于闭环判断。
P1,频率反馈只读点,CTF45频率反馈,42035,SY-1-509-42035,R,0,Hz,0.1,,低-只读或未标可写,确认反馈点与现场变频器实际频率一致，系数0.1是否正确。,只作为低置信趋势证据，不用于闭环判断。
P1,频率反馈只读点,CTF46频率反馈,42036,SY-1-509-42036,R,0,Hz,0.1,,低-只读或未标可写,确认反馈点与现场变频器实际频率一致，系数0.1是否正确。,只作为低置信趋势证据，不用于闭环判断。
P1,频率反馈只读点,CTF51频率反馈,42037,SY-1-509-42037,R,0,Hz,0.1,,低-只读或未标可写,确认反馈点与现场变频器实际频率一致，系数0.1是否正确。,只作为低置信趋势证据，不用于闭环判断。
P1,频率反馈只读点,CTF52频率反馈,42038,SY-1-509-42038,R,0,Hz,0.1,,低-只读或未标可写,确认反馈点与现场变频器实际频率一致，系数0.1是否正确。,只作为低置信趋势证据，不用于闭环判断。
P1,频率反馈只读点,CTF53频率反馈,42039,SY-1-509-42039,R,0,Hz,0.1,,低-只读或未标可写,确认反馈点与现场变频器实际频率一致，系数0.1是否正确。,只作为低置信趋势证据，不用于闭环判断。
P1,频率反馈只读点,CTF54频率反馈,42040,SY-1-509-42040,R,0,Hz,0.1,,低-只读或未标可写,确认反馈点与现场变频器实际频率一致，系数0.1是否正确。,只作为低置信趋势证据，不用于闭环判断。
P1,频率反馈只读点,CTF55频率反馈,42041,SY-1-509-42041,R,0,Hz,0.1,,低-只读或未标可写,确认反馈点与现场变频器实际频率一致，系数0.1是否正确。,只作为低置信趋势证据，不用于闭环判断。
P1,频率反馈只读点,CTF56频率反馈,42042,SY-1-509-42042,R,0,Hz,0.1,,低-只读或未标可写,确认反馈点与现场变频器实际频率一致，系数0.1是否正确。,只作为低置信趋势证据，不用于闭环判断。
P1,频率反馈只读点,CTF61频率反馈,42043,SY-1-509-42043,R,0,Hz,0.1,,低-只读或未标可写,确认反馈点与现场变频器实际频率一致，系数0.1是否正确。,只作为低置信趋势证据，不用于闭环判断。
P1,频率反馈只读点,CTF62频率反馈,42044,SY-1-509-42044,R,0,Hz,0.1,,低-只读或未标可写,确认反馈点与现场变频器实际频率一致，系数0.1是否正确。,只作为低置信趋势证据，不用于闭环判断。
P1,频率反馈只读点,CTF63频率反馈,42045,SY-1-509-42045,R,0,Hz,0.1,,低-只读或未标可写,确认反馈点与现场变频器实际频率一致，系数0.1是否正确。,只作为低置信趋势证据，不用于闭环判断。
P1,频率反馈只读点,CHP7频率反馈,42990,SY-1-509-42990,R,0,Hz,1,,低-只读或未标可写,确认反馈点与现场变频器实际频率一致，系数0.1是否正确。,只作为低置信趋势证据，不用于闭环判断。
P1,频率反馈只读点,CWP7频率反馈,43002,SY-1-509-43002,R,0,Hz,1,,低-只读或未标可写,确认反馈点与现场变频器实际频率一致，系数0.1是否正确。,只作为低置信趋势证据，不用于闭环判断。
P0,启停/模式高风险写点,CH1手动启动,41001,SY-1-509-41001,RW,1,,1,1启动；0无意义,高-启停/模式类写点,确认AI系统永不直接写这些点；只作为人工控制边界和禁写清单。,全部加入禁写清单。
P0,启停/模式高风险写点,CH1手动停止,41002,SY-1-509-41002,RW,1,,1,1停止；0无意义,高-启停/模式类写点,确认AI系统永不直接写这些点；只作为人工控制边界和禁写清单。,全部加入禁写清单。
P0,启停/模式高风险写点,CH2手动启动,41004,SY-1-509-41004,RW,1,,1,1启动；0无意义,高-启停/模式类写点,确认AI系统永不直接写这些点；只作为人工控制边界和禁写清单。,全部加入禁写清单。
P0,启停/模式高风险写点,CH2手动停止,41005,SY-1-509-41005,RW,1,,1,1停止；0无意义,高-启停/模式类写点,确认AI系统永不直接写这些点；只作为人工控制边界和禁写清单。,全部加入禁写清单。
P0,启停/模式高风险写点,CH3手动启动,41007,SY-1-509-41007,RW,1,,1,1启动；0无意义,高-启停/模式类写点,确认AI系统永不直接写这些点；只作为人工控制边界和禁写清单。,全部加入禁写清单。
P0,启停/模式高风险写点,CH3手动停止,41008,SY-1-509-41008,RW,1,,1,1停止；0无意义,高-启停/模式类写点,确认AI系统永不直接写这些点；只作为人工控制边界和禁写清单。,全部加入禁写清单。
P0,启停/模式高风险写点,CH4手动启动,41010,SY-1-509-41010,RW,1,,1,1启动；0无意义,高-启停/模式类写点,确认AI系统永不直接写这些点；只作为人工控制边界和禁写清单。,全部加入禁写清单。
P0,启停/模式高风险写点,CH4手动停止,41011,SY-1-509-41011,RW,1,,1,1停止；0无意义,高-启停/模式类写点,确认AI系统永不直接写这些点；只作为人工控制边界和禁写清单。,全部加入禁写清单。
P0,启停/模式高风险写点,CH5手动启动,41013,SY-1-509-41013,RW,1,,1,1启动；0无意义,高-启停/模式类写点,确认AI系统永不直接写这些点；只作为人工控制边界和禁写清单。,全部加入禁写清单。
P0,启停/模式高风险写点,CH5手动停止,41014,SY-1-509-41014,RW,1,,1,1停止；0无意义,高-启停/模式类写点,确认AI系统永不直接写这些点；只作为人工控制边界和禁写清单。,全部加入禁写清单。
P0,启停/模式高风险写点,CH6手动启动,41016,SY-1-509-41016,RW,1,,1,1启动；0无意义,高-启停/模式类写点,确认AI系统永不直接写这些点；只作为人工控制边界和禁写清单。,全部加入禁写清单。
P0,启停/模式高风险写点,CH6手动停止,41017,SY-1-509-41017,RW,1,,1,1停止；0无意义,高-启停/模式类写点,确认AI系统永不直接写这些点；只作为人工控制边界和禁写清单。,全部加入禁写清单。
P0,启停/模式高风险写点,CHP1手动启动,41019,SY-1-509-41019,RW,1,,1,1启动；0无意义,高-启停/模式类写点,确认AI系统永不直接写这些点；只作为人工控制边界和禁写清单。,全部加入禁写清单。
P0,启停/模式高风险写点,CHP1手动停止,41020,SY-1-509-41020,RW,1,,1,1停止；0无意义,高-启停/模式类写点,确认AI系统永不直接写这些点；只作为人工控制边界和禁写清单。,全部加入禁写清单。
P0,启停/模式高风险写点,CHP1手自动,41022,SY-1-509-41022,RW,1,,1,0手动；1自动,高-启停/模式类写点,确认AI系统永不直接写这些点；只作为人工控制边界和禁写清单。,全部加入禁写清单。
P0,启停/模式高风险写点,CHP2手动启动,41024,SY-1-509-41024,RW,1,,1,0手动；1自动,高-启停/模式类写点,确认AI系统永不直接写这些点；只作为人工控制边界和禁写清单。,全部加入禁写清单。
P0,启停/模式高风险写点,CHP2手动停止,41025,SY-1-509-41025,RW,1,,1,0手动；1自动,高-启停/模式类写点,确认AI系统永不直接写这些点；只作为人工控制边界和禁写清单。,全部加入禁写清单。
P0,启停/模式高风险写点,CHP2手自动,41027,SY-1-509-41027,RW,1,,1,0手动；1自动,高-启停/模式类写点,确认AI系统永不直接写这些点；只作为人工控制边界和禁写清单。,全部加入禁写清单。
P0,启停/模式高风险写点,CHP3手动启动,41029,SY-1-509-41029,RW,1,,1,1启动；0无意义,高-启停/模式类写点,确认AI系统永不直接写这些点；只作为人工控制边界和禁写清单。,全部加入禁写清单。
P0,启停/模式高风险写点,CHP3手动停止,41030,SY-1-509-41030,RW,1,,1,1停止；0无意义,高-启停/模式类写点,确认AI系统永不直接写这些点；只作为人工控制边界和禁写清单。,全部加入禁写清单。
P0,启停/模式高风险写点,CHP3手自动,41032,SY-1-509-41032,RW,1,,1,0手动；1自动,高-启停/模式类写点,确认AI系统永不直接写这些点；只作为人工控制边界和禁写清单。,全部加入禁写清单。
P0,启停/模式高风险写点,CHP4手动启动,41034,SY-1-509-41034,RW,1,,1,1启动；0无意义,高-启停/模式类写点,确认AI系统永不直接写这些点；只作为人工控制边界和禁写清单。,全部加入禁写清单。
P0,启停/模式高风险写点,CHP4手动停止,41035,SY-1-509-41035,RW,1,,1,1停止；0无意义,高-启停/模式类写点,确认AI系统永不直接写这些点；只作为人工控制边界和禁写清单。,全部加入禁写清单。
P0,启停/模式高风险写点,CHP4手自动,41037,SY-1-509-41037,RW,1,,1,0手动；1自动,高-启停/模式类写点,确认AI系统永不直接写这些点；只作为人工控制边界和禁写清单。,全部加入禁写清单。
P0,启停/模式高风险写点,CHP5手动启动,41039,SY-1-509-41039,RW,1,,1,1启动；0无意义,高-启停/模式类写点,确认AI系统永不直接写这些点；只作为人工控制边界和禁写清单。,全部加入禁写清单。
P0,启停/模式高风险写点,CHP5手动停止,41040,SY-1-509-41040,RW,1,,1,1停止；0无意义,高-启停/模式类写点,确认AI系统永不直接写这些点；只作为人工控制边界和禁写清单。,全部加入禁写清单。
P0,启停/模式高风险写点,CHP5手自动,41042,SY-1-509-41042,RW,1,,1,0手动；1自动,高-启停/模式类写点,确认AI系统永不直接写这些点；只作为人工控制边界和禁写清单。,全部加入禁写清单。
P0,启停/模式高风险写点,CHP6手动启动,41044,SY-1-509-41044,RW,1,,1,1启动；0无意义,高-启停/模式类写点,确认AI系统永不直接写这些点；只作为人工控制边界和禁写清单。,全部加入禁写清单。
P0,启停/模式高风险写点,CHP6手动停止,41045,SY-1-509-41045,RW,1,,1,1停止；0无意义,高-启停/模式类写点,确认AI系统永不直接写这些点；只作为人工控制边界和禁写清单。,全部加入禁写清单。
P0,启停/模式高风险写点,CHP6手自动,41047,SY-1-509-41047,RW,1,,1,0手动；1自动,高-启停/模式类写点,确认AI系统永不直接写这些点；只作为人工控制边界和禁写清单。,全部加入禁写清单。
P0,启停/模式高风险写点,CWP1手动启动,41049,SY-1-509-41049,RW,1,,1,1启动；0无意义,高-启停/模式类写点,确认AI系统永不直接写这些点；只作为人工控制边界和禁写清单。,全部加入禁写清单。
P0,启停/模式高风险写点,CWP1手动停止,41050,SY-1-509-41050,RW,1,,1,1停止；0无意义,高-启停/模式类写点,确认AI系统永不直接写这些点；只作为人工控制边界和禁写清单。,全部加入禁写清单。
P0,启停/模式高风险写点,CWP1手自动,41052,SY-1-509-41052,RW,1,,1,0手动；1自动,高-启停/模式类写点,确认AI系统永不直接写这些点；只作为人工控制边界和禁写清单。,全部加入禁写清单。
P0,启停/模式高风险写点,CWP2手动启动,41055,SY-1-509-41055,RW,1,,1,1启动；0无意义,高-启停/模式类写点,确认AI系统永不直接写这些点；只作为人工控制边界和禁写清单。,全部加入禁写清单。
P0,启停/模式高风险写点,CWP2手动停止,41056,SY-1-509-41056,RW,1,,1,1停止；0无意义,高-启停/模式类写点,确认AI系统永不直接写这些点；只作为人工控制边界和禁写清单。,全部加入禁写清单。
P0,启停/模式高风险写点,CWP2手自动,41058,SY-1-509-41058,RW,1,,1,0手动；1自动,高-启停/模式类写点,确认AI系统永不直接写这些点；只作为人工控制边界和禁写清单。,全部加入禁写清单。
P0,启停/模式高风险写点,CWP3手动启动,41061,SY-1-509-41061,RW,1,,1,1启动；0无意义,高-启停/模式类写点,确认AI系统永不直接写这些点；只作为人工控制边界和禁写清单。,全部加入禁写清单。
P0,启停/模式高风险写点,CWP3手动停止,41062,SY-1-509-41062,RW,1,,1,1停止；0无意义,高-启停/模式类写点,确认AI系统永不直接写这些点；只作为人工控制边界和禁写清单。,全部加入禁写清单。
P0,启停/模式高风险写点,CWP3手自动,41064,SY-1-509-41064,RW,1,,1,0手动；1自动,高-启停/模式类写点,确认AI系统永不直接写这些点；只作为人工控制边界和禁写清单。,全部加入禁写清单。
P0,启停/模式高风险写点,CWP4手动启动,41067,SY-1-509-41067,RW,1,,1,1启动；0无意义,高-启停/模式类写点,确认AI系统永不直接写这些点；只作为人工控制边界和禁写清单。,全部加入禁写清单。
P0,启停/模式高风险写点,CWP4手动停止,41068,SY-1-509-41068,RW,1,,1,1停止；0无意义,高-启停/模式类写点,确认AI系统永不直接写这些点；只作为人工控制边界和禁写清单。,全部加入禁写清单。
P0,启停/模式高风险写点,CWP4手自动,41070,SY-1-509-41070,RW,1,,1,0手动；1自动,高-启停/模式类写点,确认AI系统永不直接写这些点；只作为人工控制边界和禁写清单。,全部加入禁写清单。
P0,启停/模式高风险写点,CWP5手动启动,41073,SY-1-509-41073,RW,1,,1,1启动；0无意义,高-启停/模式类写点,确认AI系统永不直接写这些点；只作为人工控制边界和禁写清单。,全部加入禁写清单。
P0,启停/模式高风险写点,CWP5手动停止,41074,SY-1-509-41074,RW,1,,1,1停止；0无意义,高-启停/模式类写点,确认AI系统永不直接写这些点；只作为人工控制边界和禁写清单。,全部加入禁写清单。
P0,启停/模式高风险写点,CWP5手自动,41076,SY-1-509-41076,RW,1,,1,0手动；1自动,高-启停/模式类写点,确认AI系统永不直接写这些点；只作为人工控制边界和禁写清单。,全部加入禁写清单。
P0,启停/模式高风险写点,CWP6手动启动,41079,SY-1-509-41079,RW,1,,1,1启动；0无意义,高-启停/模式类写点,确认AI系统永不直接写这些点；只作为人工控制边界和禁写清单。,全部加入禁写清单。
P0,启停/模式高风险写点,CWP6手动停止,41080,SY-1-509-41080,RW,1,,1,1停止；0无意义,高-启停/模式类写点,确认AI系统永不直接写这些点；只作为人工控制边界和禁写清单。,全部加入禁写清单。
P0,启停/模式高风险写点,CWP6手自动,41082,SY-1-509-41082,RW,1,,1,0手动；1自动,高-启停/模式类写点,确认AI系统永不直接写这些点；只作为人工控制边界和禁写清单。,全部加入禁写清单。
P0,启停/模式高风险写点,CTF11手动启动,41085,SY-1-509-41085,RW,1,,1,1启动；0无意义,高-启停/模式类写点,确认AI系统永不直接写这些点；只作为人工控制边界和禁写清单。,全部加入禁写清单。
P0,启停/模式高风险写点,CTF11手动停止,41086,SY-1-509-41086,RW,1,,1,1停止；0无意义,高-启停/模式类写点,确认AI系统永不直接写这些点；只作为人工控制边界和禁写清单。,全部加入禁写清单。
P0,启停/模式高风险写点,CTF12手动启动,41090,SY-1-509-41090,RW,1,,1,1启动；0无意义,高-启停/模式类写点,确认AI系统永不直接写这些点；只作为人工控制边界和禁写清单。,全部加入禁写清单。
P0,启停/模式高风险写点,CTF12手动停止,41091,SY-1-509-41091,RW,1,,1,1停止；0无意义,高-启停/模式类写点,确认AI系统永不直接写这些点；只作为人工控制边界和禁写清单。,全部加入禁写清单。
P0,启停/模式高风险写点,CTF13手动启动,41095,SY-1-509-41095,RW,1,,1,1启动；0无意义,高-启停/模式类写点,确认AI系统永不直接写这些点；只作为人工控制边界和禁写清单。,全部加入禁写清单。
P0,启停/模式高风险写点,CTF13手动停止,41096,SY-1-509-41096,RW,1,,1,1停止；0无意义,高-启停/模式类写点,确认AI系统永不直接写这些点；只作为人工控制边界和禁写清单。,全部加入禁写清单。
P0,启停/模式高风险写点,CTF14手动启动,41100,SY-1-509-41100,RW,1,,1,1启动；0无意义,高-启停/模式类写点,确认AI系统永不直接写这些点；只作为人工控制边界和禁写清单。,全部加入禁写清单。
P0,启停/模式高风险写点,CTF14手动停止,41101,SY-1-509-41101,RW,1,,1,1停止；0无意义,高-启停/模式类写点,确认AI系统永不直接写这些点；只作为人工控制边界和禁写清单。,全部加入禁写清单。
P0,启停/模式高风险写点,CTF15手动启动,41105,SY-1-509-41105,RW,1,,1,1启动；0无意义,高-启停/模式类写点,确认AI系统永不直接写这些点；只作为人工控制边界和禁写清单。,全部加入禁写清单。
P0,启停/模式高风险写点,CTF15手动停止,41106,SY-1-509-41106,RW,1,,1,1停止；0无意义,高-启停/模式类写点,确认AI系统永不直接写这些点；只作为人工控制边界和禁写清单。,全部加入禁写清单。
P0,启停/模式高风险写点,CTF16手动启动,41110,SY-1-509-41110,RW,1,,1,1启动；0无意义,高-启停/模式类写点,确认AI系统永不直接写这些点；只作为人工控制边界和禁写清单。,全部加入禁写清单。
P0,启停/模式高风险写点,CTF16手动停止,41111,SY-1-509-41111,RW,1,,1,1停止；0无意义,高-启停/模式类写点,确认AI系统永不直接写这些点；只作为人工控制边界和禁写清单。,全部加入禁写清单。
P0,启停/模式高风险写点,CTF21手动启动,41115,SY-1-509-41115,RW,1,,1,1启动；0无意义,高-启停/模式类写点,确认AI系统永不直接写这些点；只作为人工控制边界和禁写清单。,全部加入禁写清单。
P0,启停/模式高风险写点,CTF21手动停止,41116,SY-1-509-41116,RW,1,,1,1停止；0无意义,高-启停/模式类写点,确认AI系统永不直接写这些点；只作为人工控制边界和禁写清单。,全部加入禁写清单。
P0,启停/模式高风险写点,CTF22手动启动,41120,SY-1-509-41120,RW,1,,1,1启动；0无意义,高-启停/模式类写点,确认AI系统永不直接写这些点；只作为人工控制边界和禁写清单。,全部加入禁写清单。
P0,启停/模式高风险写点,CTF22手动停止,41121,SY-1-509-41121,RW,1,,1,1停止；0无意义,高-启停/模式类写点,确认AI系统永不直接写这些点；只作为人工控制边界和禁写清单。,全部加入禁写清单。
P0,启停/模式高风险写点,CTF23手动启动,41125,SY-1-509-41125,RW,1,,1,1启动；0无意义,高-启停/模式类写点,确认AI系统永不直接写这些点；只作为人工控制边界和禁写清单。,全部加入禁写清单。
P0,启停/模式高风险写点,CTF23手动停止,41126,SY-1-509-41126,RW,1,,1,1停止；0无意义,高-启停/模式类写点,确认AI系统永不直接写这些点；只作为人工控制边界和禁写清单。,全部加入禁写清单。
P0,启停/模式高风险写点,CTF24手动启动,41130,SY-1-509-41130,RW,1,,1,1启动；0无意义,高-启停/模式类写点,确认AI系统永不直接写这些点；只作为人工控制边界和禁写清单。,全部加入禁写清单。
P0,启停/模式高风险写点,CTF24手动停止,41131,SY-1-509-41131,RW,1,,1,1停止；0无意义,高-启停/模式类写点,确认AI系统永不直接写这些点；只作为人工控制边界和禁写清单。,全部加入禁写清单。
P0,启停/模式高风险写点,CTF25手动启动,41135,SY-1-509-41135,RW,1,,1,1启动；0无意义,高-启停/模式类写点,确认AI系统永不直接写这些点；只作为人工控制边界和禁写清单。,全部加入禁写清单。
P0,启停/模式高风险写点,CTF25手动停止,41136,SY-1-509-41136,RW,1,,1,1停止；0无意义,高-启停/模式类写点,确认AI系统永不直接写这些点；只作为人工控制边界和禁写清单。,全部加入禁写清单。
P0,启停/模式高风险写点,CTF26手动启动,41140,SY-1-509-41140,RW,1,,1,1启动；0无意义,高-启停/模式类写点,确认AI系统永不直接写这些点；只作为人工控制边界和禁写清单。,全部加入禁写清单。
P0,启停/模式高风险写点,CTF26手动停止,41141,SY-1-509-41141,RW,1,,1,1停止；0无意义,高-启停/模式类写点,确认AI系统永不直接写这些点；只作为人工控制边界和禁写清单。,全部加入禁写清单。
P0,启停/模式高风险写点,CTF31手动启动,41145,SY-1-509-41145,RW,1,,1,1启动；0无意义,高-启停/模式类写点,确认AI系统永不直接写这些点；只作为人工控制边界和禁写清单。,全部加入禁写清单。
P0,启停/模式高风险写点,CTF31手动停止,41146,SY-1-509-41146,RW,1,,1,1停止；0无意义,高-启停/模式类写点,确认AI系统永不直接写这些点；只作为人工控制边界和禁写清单。,全部加入禁写清单。
P0,启停/模式高风险写点,CTF32手动启动,41150,SY-1-509-41150,RW,1,,1,1启动；0无意义,高-启停/模式类写点,确认AI系统永不直接写这些点；只作为人工控制边界和禁写清单。,全部加入禁写清单。
P0,启停/模式高风险写点,CTF32手动停止,41151,SY-1-509-41151,RW,1,,1,1停止；0无意义,高-启停/模式类写点,确认AI系统永不直接写这些点；只作为人工控制边界和禁写清单。,全部加入禁写清单。
P0,启停/模式高风险写点,CTF33手动启动,41155,SY-1-509-41155,RW,1,,1,1启动；0无意义,高-启停/模式类写点,确认AI系统永不直接写这些点；只作为人工控制边界和禁写清单。,全部加入禁写清单。
P0,启停/模式高风险写点,CTF33手动停止,41156,SY-1-509-41156,RW,1,,1,1停止；0无意义,高-启停/模式类写点,确认AI系统永不直接写这些点；只作为人工控制边界和禁写清单。,全部加入禁写清单。
P0,启停/模式高风险写点,CTF34手动启动,41160,SY-1-509-41160,RW,1,,1,1启动；0无意义,高-启停/模式类写点,确认AI系统永不直接写这些点；只作为人工控制边界和禁写清单。,全部加入禁写清单。
P0,启停/模式高风险写点,CTF34手动停止,41161,SY-1-509-41161,RW,1,,1,1停止；0无意义,高-启停/模式类写点,确认AI系统永不直接写这些点；只作为人工控制边界和禁写清单。,全部加入禁写清单。
P0,启停/模式高风险写点,CTF35手动启动,41165,SY-1-509-41165,RW,1,,1,1启动；0无意义,高-启停/模式类写点,确认AI系统永不直接写这些点；只作为人工控制边界和禁写清单。,全部加入禁写清单。
P0,启停/模式高风险写点,CTF35手动停止,41166,SY-1-509-41166,RW,1,,1,1停止；0无意义,高-启停/模式类写点,确认AI系统永不直接写这些点；只作为人工控制边界和禁写清单。,全部加入禁写清单。
P0,启停/模式高风险写点,CTF36手动启动,41170,SY-1-509-41170,RW,1,,1,1启动；0无意义,高-启停/模式类写点,确认AI系统永不直接写这些点；只作为人工控制边界和禁写清单。,全部加入禁写清单。
P0,启停/模式高风险写点,CTF36手动停止,41171,SY-1-509-41171,RW,1,,1,1停止；0无意义,高-启停/模式类写点,确认AI系统永不直接写这些点；只作为人工控制边界和禁写清单。,全部加入禁写清单。
P0,启停/模式高风险写点,CTF41手动启动,41175,SY-1-509-41175,RW,1,,1,1启动；0无意义,高-启停/模式类写点,确认AI系统永不直接写这些点；只作为人工控制边界和禁写清单。,全部加入禁写清单。
P0,启停/模式高风险写点,CTF41手动停止,41176,SY-1-509-41176,RW,1,,1,1停止；0无意义,高-启停/模式类写点,确认AI系统永不直接写这些点；只作为人工控制边界和禁写清单。,全部加入禁写清单。
P0,启停/模式高风险写点,CTF42手动启动,41180,SY-1-509-41180,RW,1,,1,1启动；0无意义,高-启停/模式类写点,确认AI系统永不直接写这些点；只作为人工控制边界和禁写清单。,全部加入禁写清单。
P0,启停/模式高风险写点,CTF42手动停止,41181,SY-1-509-41181,RW,1,,1,1停止；0无意义,高-启停/模式类写点,确认AI系统永不直接写这些点；只作为人工控制边界和禁写清单。,全部加入禁写清单。
P0,启停/模式高风险写点,CTF43手动启动,41185,SY-1-509-41185,RW,1,,1,1启动；0无意义,高-启停/模式类写点,确认AI系统永不直接写这些点；只作为人工控制边界和禁写清单。,全部加入禁写清单。
P0,启停/模式高风险写点,CTF43手动停止,41186,SY-1-509-41186,RW,1,,1,1停止；0无意义,高-启停/模式类写点,确认AI系统永不直接写这些点；只作为人工控制边界和禁写清单。,全部加入禁写清单。
P0,启停/模式高风险写点,CTF44手动启动,41190,SY-1-509-41190,RW,1,,1,1启动；0无意义,高-启停/模式类写点,确认AI系统永不直接写这些点；只作为人工控制边界和禁写清单。,全部加入禁写清单。
P0,启停/模式高风险写点,CTF44手动停止,41191,SY-1-509-41191,RW,1,,1,1停止；0无意义,高-启停/模式类写点,确认AI系统永不直接写这些点；只作为人工控制边界和禁写清单。,全部加入禁写清单。
P0,启停/模式高风险写点,CTF45手动启动,41195,SY-1-509-41195,RW,1,,1,1启动；0无意义,高-启停/模式类写点,确认AI系统永不直接写这些点；只作为人工控制边界和禁写清单。,全部加入禁写清单。
P0,启停/模式高风险写点,CTF45手动停止,41196,SY-1-509-41196,RW,1,,1,1停止；0无意义,高-启停/模式类写点,确认AI系统永不直接写这些点；只作为人工控制边界和禁写清单。,全部加入禁写清单。
P0,启停/模式高风险写点,CTF46手动启动,41200,SY-1-509-41200,RW,1,,1,1启动；0无意义,高-启停/模式类写点,确认AI系统永不直接写这些点；只作为人工控制边界和禁写清单。,全部加入禁写清单。
P0,启停/模式高风险写点,CTF46手动停止,41201,SY-1-509-41201,RW,1,,1,1停止；0无意义,高-启停/模式类写点,确认AI系统永不直接写这些点；只作为人工控制边界和禁写清单。,全部加入禁写清单。
P0,启停/模式高风险写点,CTF51手动启动,41205,SY-1-509-41205,RW,1,,1,1启动；0无意义,高-启停/模式类写点,确认AI系统永不直接写这些点；只作为人工控制边界和禁写清单。,全部加入禁写清单。
P0,启停/模式高风险写点,CTF51手动停止,41206,SY-1-509-41206,RW,1,,1,1停止；0无意义,高-启停/模式类写点,确认AI系统永不直接写这些点；只作为人工控制边界和禁写清单。,全部加入禁写清单。
P0,启停/模式高风险写点,CTF52手动启动,41210,SY-1-509-41210,RW,1,,1,1启动；0无意义,高-启停/模式类写点,确认AI系统永不直接写这些点；只作为人工控制边界和禁写清单。,全部加入禁写清单。
P0,启停/模式高风险写点,CTF52手动停止,41211,SY-1-509-41211,RW,1,,1,1停止；0无意义,高-启停/模式类写点,确认AI系统永不直接写这些点；只作为人工控制边界和禁写清单。,全部加入禁写清单。
P0,启停/模式高风险写点,CTF53手动启动,41215,SY-1-509-41215,RW,1,,1,1启动；0无意义,高-启停/模式类写点,确认AI系统永不直接写这些点；只作为人工控制边界和禁写清单。,全部加入禁写清单。
P0,启停/模式高风险写点,CTF53手动停止,41216,SY-1-509-41216,RW,1,,1,1停止；0无意义,高-启停/模式类写点,确认AI系统永不直接写这些点；只作为人工控制边界和禁写清单。,全部加入禁写清单。
P0,启停/模式高风险写点,CTF54手动启动,41220,SY-1-509-41220,RW,1,,1,1启动；0无意义,高-启停/模式类写点,确认AI系统永不直接写这些点；只作为人工控制边界和禁写清单。,全部加入禁写清单。
P0,启停/模式高风险写点,CTF54手动停止,41221,SY-1-509-41221,RW,1,,1,1停止；0无意义,高-启停/模式类写点,确认AI系统永不直接写这些点；只作为人工控制边界和禁写清单。,全部加入禁写清单。
P0,启停/模式高风险写点,CTF55手动启动,41225,SY-1-509-41225,RW,1,,1,1启动；0无意义,高-启停/模式类写点,确认AI系统永不直接写这些点；只作为人工控制边界和禁写清单。,全部加入禁写清单。
P0,启停/模式高风险写点,CTF55手动停止,41226,SY-1-509-41226,RW,1,,1,1停止；0无意义,高-启停/模式类写点,确认AI系统永不直接写这些点；只作为人工控制边界和禁写清单。,全部加入禁写清单。
P0,启停/模式高风险写点,CTF56手动启动,41230,SY-1-509-41230,RW,1,,1,1启动；0无意义,高-启停/模式类写点,确认AI系统永不直接写这些点；只作为人工控制边界和禁写清单。,全部加入禁写清单。
P0,启停/模式高风险写点,CTF56手动停止,41231,SY-1-509-41231,RW,1,,1,1停止；0无意义,高-启停/模式类写点,确认AI系统永不直接写这些点；只作为人工控制边界和禁写清单。,全部加入禁写清单。
P0,启停/模式高风险写点,CTF61手动启动,41235,SY-1-509-41235,RW,1,,1,1启动；0无意义,高-启停/模式类写点,确认AI系统永不直接写这些点；只作为人工控制边界和禁写清单。,全部加入禁写清单。
P0,启停/模式高风险写点,CTF61手动停止,41236,SY-1-509-41236,RW,1,,1,1停止；0无意义,高-启停/模式类写点,确认AI系统永不直接写这些点；只作为人工控制边界和禁写清单。,全部加入禁写清单。
P0,启停/模式高风险写点,CTF62手动启动,41240,SY-1-509-41240,RW,1,,1,1启动；0无意义,高-启停/模式类写点,确认AI系统永不直接写这些点；只作为人工控制边界和禁写清单。,全部加入禁写清单。
P0,启停/模式高风险写点,CTF62手动停止,41241,SY-1-509-41241,RW,1,,1,1停止；0无意义,高-启停/模式类写点,确认AI系统永不直接写这些点；只作为人工控制边界和禁写清单。,全部加入禁写清单。
P0,启停/模式高风险写点,CTF63手动启动,41245,SY-1-509-41245,RW,1,,1,1启动；0无意义,高-启停/模式类写点,确认AI系统永不直接写这些点；只作为人工控制边界和禁写清单。,全部加入禁写清单。
P0,启停/模式高风险写点,CTF63手动停止,41246,SY-1-509-41246,RW,1,,1,1停止；0无意义,高-启停/模式类写点,确认AI系统永不直接写这些点；只作为人工控制边界和禁写清单。,全部加入禁写清单。
P0,启停/模式高风险写点,SY冷却塔温度手自动,41325,SY-1-509-41325,RW,1,,1,1自动；0手动,高-启停/模式类写点,确认AI系统永不直接写这些点；只作为人工控制边界和禁写清单。,全部加入禁写清单。
P0,启停/模式高风险写点,FM107旁通阀手自动,41342,SY-1-509-41342,RW,1,,1,1自动；0手动,高-启停/模式类写点,确认AI系统永不直接写这些点；只作为人工控制边界和禁写清单。,全部加入禁写清单。
P0,启停/模式高风险写点,SY冷却塔1手自动,41345,SY-1-509-41345,RW,1,,1,1自动；0手动,高-启停/模式类写点,确认AI系统永不直接写这些点；只作为人工控制边界和禁写清单。,全部加入禁写清单。
P0,启停/模式高风险写点,SY冷却塔2手自动,41346,SY-1-509-41346,RW,1,,1,1自动；0手动,高-启停/模式类写点,确认AI系统永不直接写这些点；只作为人工控制边界和禁写清单。,全部加入禁写清单。
P0,启停/模式高风险写点,SY冷却塔3手自动,41347,SY-1-509-41347,RW,1,,1,1自动；0手动,高-启停/模式类写点,确认AI系统永不直接写这些点；只作为人工控制边界和禁写清单。,全部加入禁写清单。
P0,启停/模式高风险写点,SY冷却塔4手自动,41348,SY-1-509-41348,RW,1,,1,1自动；0手动,高-启停/模式类写点,确认AI系统永不直接写这些点；只作为人工控制边界和禁写清单。,全部加入禁写清单。
P0,启停/模式高风险写点,SY冷却塔5手自动,41349,SY-1-509-41349,RW,1,,1,1自动；0手动,高-启停/模式类写点,确认AI系统永不直接写这些点；只作为人工控制边界和禁写清单。,全部加入禁写清单。
P0,启停/模式高风险写点,SY冷却塔6手自动,41350,SY-1-509-41350,RW,1,,1,1自动；0手动,高-启停/模式类写点,确认AI系统永不直接写这些点；只作为人工控制边界和禁写清单。,全部加入禁写清单。
P0,启停/模式高风险写点,CH7手动启动,41366,SY-1-509-41366,RW,1,,1,1启动；0无意义,高-启停/模式类写点,确认AI系统永不直接写这些点；只作为人工控制边界和禁写清单。,全部加入禁写清单。
P0,启停/模式高风险写点,CH7手动停止,41367,SY-1-509-41367,RW,1,,1,1停止；0无意义,高-启停/模式类写点,确认AI系统永不直接写这些点；只作为人工控制边界和禁写清单。,全部加入禁写清单。
P0,启停/模式高风险写点,CHP7手动启动,41371,SY-1-509-41371,RW,1,,1,1启动；0无意义,高-启停/模式类写点,确认AI系统永不直接写这些点；只作为人工控制边界和禁写清单。,全部加入禁写清单。
P0,启停/模式高风险写点,CHP7手动停止,41372,SY-1-509-41372,RW,1,,1,1停止；0无意义,高-启停/模式类写点,确认AI系统永不直接写这些点；只作为人工控制边界和禁写清单。,全部加入禁写清单。
P0,启停/模式高风险写点,CHP7频率手自动,41374,SY-1-509-41374,RW,1,,1,1自动；0手动,高-启停/模式类写点,确认AI系统永不直接写这些点；只作为人工控制边界和禁写清单。,全部加入禁写清单。
P0,启停/模式高风险写点,CWP7手动启动,41375,SY-1-509-41375,RW,1,,1,1启动；0无意义,高-启停/模式类写点,确认AI系统永不直接写这些点；只作为人工控制边界和禁写清单。,全部加入禁写清单。
P0,启停/模式高风险写点,CWP7手动停止,41376,SY-1-509-41376,RW,1,,1,1停止；0无意义,高-启停/模式类写点,确认AI系统永不直接写这些点；只作为人工控制边界和禁写清单。,全部加入禁写清单。
P0,启停/模式高风险写点,CWP7频率手自动,41378,SY-1-509-41378,RW,1,,1,1自动；0手动,高-启停/模式类写点,确认AI系统永不直接写这些点；只作为人工控制边界和禁写清单。,全部加入禁写清单。
